,Date,,Temp. (°F),,,Dew Point (°F),,,Humidity (%),,,Sea Level Press. (in),,,Visibility (mi),,,Wind (mph),,,Precip. (in),Events
Year,Day,Month,high,avg,low,high,avg,low,high,avg,low,high,avg,low,high,avg,low,high,avg,high,sum,
2014,1,1,95,86,76,73,72,70,83,67,44,29.89,29.84,29.77,12,10,6,23,12,30,0,
2014,2,1,94,85,76,72,71,68,83,66,44,29.91,29.85,29.8,12,12,12,23,13,34,0,
2014,3,1,93,84,75,72,69,63,83,64,36,29.94,29.89,29.83,12,8,6,21,10,30,0,
2014,4,1,93,84,75,73,70,66,83,65,38,29.98,29.93,29.89,12,9,6,23,10,30,0,
2014,5,1,90,84,77,73,71,67,83,68,37,30.04,30,29.95,12,8,6,21,9,-,0,
2014,6,1,90,81,72,72,69,66,83,66,42,30.05,29.98,29.89,12,7,6,14,6,-,0,
2014,7,1,90,81,72,72,70,68,94,70,46,30.06,30.01,29.98,12,7,6,13,5,-,0,
2014,8,1,88,80,73,73,71,68,94,71,43,30.04,30,29.95,12,7,6,9,5,-,0,
2014,9,1,86,80,74,77,74,72,94,85,66,30.01,29.96,29.92,12,6,2,8,4,-,0.08,"Rain , Thunderstorm"
2014,10,1,89,82,75,75,73,70,100,79,56,30.04,29.98,29.92,12,7,1,12,5,-,0.16,Rain
2014,11,1,91,82,73,75,73,70,94,74,47,30.04,30,29.95,12,7,6,20,6,-,0,
2014,12,1,91,84,76,75,73,70,94,74,49,30.1,30.04,29.98,12,7,6,18,8,-,0.02,
2014,13,1,91,82,74,74,72,70,89,69,45,30.13,30.07,30.04,12,7,6,17,7,-,0,
2014,14,1,90,82,74,73,71,68,94,69,40,30.09,30.04,29.98,12,7,6,21,7,-,0,
2014,15,1,93,84,75,73,71,66,89,66,42,30.02,29.97,29.89,12,8,6,24,9,-,0,
2014,16,1,94,84,75,72,70,64,83,62,36,29.99,29.94,29.86,12,8,6,21,11,29,0,
2014,17,1,94,86,78,72,70,64,78,65,39,30.02,29.96,29.89,12,8,6,21,10,-,0,
2014,18,1,88,80,73,75,72,70,100,80,57,29.99,29.97,29.92,12,6,1,14,8,-,1.14,"Rain , Thunderstorm"
2014,19,1,87,80,73,73,71,68,94,80,52,29.99,29.95,29.89,12,7,6,17,6,-,0.01,Rain
2014,20,1,90,81,72,73,72,70,94,75,50,30.01,29.94,29.89,12,7,6,17,6,-,0,
2014,21,1,86,82,77,75,74,72,94,79,58,30.02,29.97,29.92,12,7,6,17,8,24,0,Rain
2014,22,1,92,85,78,75,73,70,89,72,46,30.01,29.97,29.92,12,7,6,20,9,-,0,Thunderstorm
2014,23,1,93,85,77,75,73,68,89,70,40,30.01,29.96,29.89,12,8,6,21,9,-,0,
2014,24,1,91,84,78,74,72,68,83,67,43,29.98,29.92,29.86,12,7,6,21,8,-,0,
2014,25,1,94,84,75,73,71,63,89,66,34,29.95,29.89,29.8,12,8,6,23,9,29,0,
2014,26,1,92,85,78,73,72,68,83,66,42,30.04,29.96,29.92,12,7,6,24,10,31,0,
2014,27,1,92,84,76,74,72,68,83,68,41,30.1,30.04,29.98,12,7,6,16,7,-,0,
2014,28,1,92,84,75,73,70,63,94,67,35,30.09,30.05,30.01,12,8,6,16,6,-,0,
2014,29,1,92,83,74,75,72,68,94,70,46,30.09,30.04,29.98,12,7,6,12,5,-,0,
2014,30,1,91,83,75,73,72,66,89,70,42,30.09,30.04,30.01,12,7,6,13,5,-,0,
2014,31,1,92,82,73,75,71,66,88,68,46,30.07,30.03,29.98,12,8,6,12,5,-,0,
2014,1,2,93,84,75,73,72,68,89,68,40,30.04,29.98,29.92,12,7,6,12,4,-,0,
2014,2,2,95,85,75,76,71,66,89,66,38,30,29.95,29.92,12,7,6,14,6,-,0,
2014,3,2,95,86,76,75,73,70,89,68,41,29.98,29.94,29.89,12,7,6,16,6,-,0,
2014,4,2,93,84,74,73,71,68,89,67,41,30.02,29.97,29.95,12,8,6,13,5,-,0,
2014,5,2,93,84,74,73,72,68,94,69,39,30.05,30.01,29.98,12,7,6,13,6,-,0.01,Rain
2014,6,2,92,84,75,75,73,70,94,71,39,30.05,30.01,29.95,12,7,6,14,5,-,0,
2014,7,2,93,84,76,75,72,68,89,72,39,30.08,30.02,29.98,12,7,3,15,5,-,0,Rain
2014,8,2,93,84,74,73,70,64,89,67,38,30.06,30.01,29.95,12,7,6,18,7,-,0,
2014,9,2,93,83,73,73,71,68,88,66,42,30.05,30,29.95,12,7,6,17,7,-,0,
2014,10,2,93,84,74,77,72,68,89,67,40,30.05,30,29.95,12,7,6,16,6,-,0,
2014,11,2,93,84,75,75,70,64,94,66,27,30.04,29.99,29.95,12,7,6,16,5,-,0,
2014,12,2,93,84,75,73,71,66,94,67,36,30,29.93,29.89,12,7,6,18,6,-,0,Rain
2014,13,2,93,84,75,73,71,68,89,66,39,29.94,29.88,29.83,12,7,6,23,8,-,0,
2014,14,2,95,86,78,73,70,68,79,63,41,29.95,29.89,29.83,12,8,6,23,9,28,0,
2014,15,2,95,86,76,73,70,66,79,63,37,29.99,29.92,29.86,12,7,6,23,9,-,0,
2014,16,2,93,83,73,73,71,66,94,67,41,29.98,29.93,29.86,12,7,6,17,6,29,0,
2014,17,2,89,81,73,75,72,70,94,79,52,29.96,29.92,29.89,12,6,3,12,4,-,0.51,Rain
2014,18,2,83,78,72,73,72,70,94,85,66,29.98,29.93,29.89,12,6,3,12,5,-,0.39,"Rain , Thunderstorm"
2014,19,2,86,80,73,75,72,70,94,82,58,30,29.95,29.92,12,7,3,13,5,25,0,Rain
2014,20,2,90,80,71,72,70,66,94,71,38,30.02,29.98,29.92,12,7,6,14,6,-,0,
2014,21,2,91,82,72,72,69,68,89,69,41,30.04,30,29.98,12,8,6,20,6,29,0,Thunderstorm
2014,22,2,92,82,72,75,72,70,94,73,43,30.06,30.01,29.98,12,7,6,14,6,-,0.01,Rain
2014,23,2,90,82,74,75,73,71,94,76,44,30.05,30.01,29.98,12,7,3,16,6,25,0.08,Rain
2014,24,2,91,83,75,77,72,68,94,74,47,30.07,30.01,29.95,12,7,5,15,6,-,0,Rain
2014,25,2,92,82,73,75,71,68,89,70,38,30.04,29.99,29.95,12,7,6,15,5,-,0.08,
2014,26,2,91,83,75,73,72,70,94,72,45,30.02,29.96,29.89,12,7,6,18,5,-,0,
2014,27,2,93,84,74,73,71,68,89,66,42,29.96,29.89,29.83,12,8,6,21,8,25,0,
2014,28,2,95,86,78,73,69,64,79,61,35,29.92,29.87,29.8,12,8,6,23,11,34,0,
2014,1,3,92,84,77,73,71,68,79,64,40,29.94,29.88,29.8,12,7,6,26,11,30,0,Thunderstorm
2014,2,3,93,85,77,73,71,66,83,66,39,29.96,29.9,29.86,12,7,6,20,8,-,0,
2014,3,3,91,83,75,75,72,66,94,76,42,30.01,29.96,29.92,12,7,1,14,5,-,0.08,Rain
2014,4,3,87,80,73,73,71,68,94,77,51,30.04,30,29.98,12,7,5,12,5,-,0,Rain
2014,5,3,92,82,73,73,71,67,94,72,36,30.06,30,29.95,12,7,6,13,5,-,0,Rain
2014,6,3,92,83,74,73,72,66,94,69,43,29.98,29.92,29.86,12,7,6,18,7,-,0,
2014,7,3,93,85,77,73,71,68,83,64,44,29.94,29.89,29.83,12,7,6,18,9,-,0,
2014,8,3,93,86,78,73,70,66,79,63,38,29.94,29.89,29.83,12,8,6,20,10,29,0,
2014,9,3,92,84,77,73,71,66,79,65,43,30.01,29.95,29.89,12,7,6,18,8,25,0,
2014,10,3,93,85,77,73,72,68,83,67,39,30.02,29.97,29.92,12,7,6,20,8,31,0,
2014,11,3,92,82,73,73,71,68,89,68,39,30.02,29.98,29.92,12,8,6,18,6,-,0,
2014,12,3,92,83,74,75,71,68,89,69,42,30.07,30.01,29.98,12,7,6,14,5,-,0,
2014,13,3,91,83,75,77,73,70,94,74,47,30.09,30.04,30.01,12,7,4,12,5,-,0,Rain
2014,14,3,90,82,75,75,72,66,94,75,46,30.06,30.01,29.95,12,7,4,9,4,-,0.01,Rain
2014,15,3,93,84,74,73,72,68,94,70,38,30.05,29.99,29.92,12,7,6,16,5,-,0,
2014,16,3,92,83,74,73,71,68,89,67,38,30.03,29.98,29.92,12,7,6,16,7,-,0,
2014,17,3,92,82,72,72,70,66,89,67,40,30.03,29.98,29.92,12,7,6,20,6,-,0,
2014,18,3,90,82,73,72,70,66,89,66,46,30.03,29.98,29.92,12,7,6,20,6,31,0,
2014,19,3,92,82,73,72,70,66,89,65,40,29.99,29.93,29.86,12,8,6,23,9,-,0,
2014,20,3,96,85,74,72,70,64,83,63,34,29.95,29.89,29.8,12,7,6,22,9,30,0,
2014,21,3,96,86,77,73,70,67,79,62,39,29.96,29.91,29.83,12,8,6,22,10,-,0,
2014,22,3,95,86,78,74,71,68,79,65,44,29.96,29.91,29.8,12,7,4,21,10,-,0.12,"Rain , Thunderstorm"
2014,23,3,79,77,75,75,73,71,94,87,70,29.99,29.95,29.89,12,5,1,15,7,28,0.59,Rain
2014,24,3,85,79,73,73,68,61,94,72,42,30.06,30.01,29.95,12,6,1,21,14,-,0,Rain
2014,25,3,87,80,74,73,69,65,89,69,49,30.06,30.02,29.98,12,7,6,16,9,-,0.08,Rain
2014,26,3,86,80,73,73,72,70,94,81,51,30.08,30.03,29.98,12,6,3,12,7,-,0,Rain
2014,27,3,90,82,75,73,72,70,89,74,55,30.04,29.99,29.95,12,7,6,14,7,-,0.01,Rain
2014,28,3,86,80,74,75,73,72,94,82,58,30.02,29.97,29.92,12,6,1,14,6,-,1.34,"Rain , Thunderstorm"
2014,29,3,85,79,73,75,73,72,100,84,70,30.03,29.97,29.92,12,7,4,14,5,-,0.02,Rain
2014,30,3,90,82,73,75,73,70,94,77,49,30.04,29.98,29.92,12,7,6,14,5,-,0.02,Rain
2014,31,3,91,83,75,77,75,73,94,81,59,30.04,29.99,29.92,12,7,6,14,4,-,0,
2014,1,4,91,82,74,77,74,72,94,77,47,30.04,29.98,29.92,12,7,6,14,4,-,0,Thunderstorm
2014,2,4,91,82,74,75,73,71,94,75,51,29.99,29.93,29.86,12,7,6,15,5,-,0,Thunderstorm
2014,3,4,91,83,75,77,73,70,94,77,48,29.98,29.93,29.86,12,6,2,13,5,-,1.3,Rain
2014,4,4,84,79,74,74,72,70,89,79,63,30.08,30.01,29.95,12,6,3,16,6,-,0.67,Rain
2014,5,4,84,79,74,73,69,61,89,73,51,30.1,30.06,30.01,12,6,2,18,8,-,0,Rain
2014,6,4,84,76,69,70,67,61,88,71,48,30.09,30.03,29.98,12,7,6,16,7,-,0,
2014,7,4,86,78,70,70,67,63,88,67,43,30.01,29.94,29.89,12,8,6,13,5,-,0,
2014,8,4,88,79,70,70,68,63,88,68,43,29.97,29.92,29.89,12,8,6,9,3,-,0,
2014,9,4,88,82,75,72,71,68,88,70,52,29.98,29.9,29.8,12,7,6,16,6,-,0,
2014,10,4,88,82,75,72,70,64,83,67,42,30.01,29.91,29.86,12,8,6,17,8,-,0,
2014,11,4,86,80,73,72,70,66,89,70,43,30.05,30,29.95,12,7,6,14,5,-,0,
2014,12,4,85,78,72,72,70,68,88,71,55,30.06,30,29.95,12,7,6,17,5,-,0,
2014,13,4,87,80,73,72,70,68,88,70,51,30.01,29.95,29.89,12,7,6,17,6,-,0,
2014,14,4,88,82,75,73,71,68,83,68,47,30.01,29.94,29.86,12,7,6,17,6,-,0,
2014,15,4,82,79,76,73,72,70,83,77,62,30.02,29.97,29.92,12,7,5,16,8,-,0,
2014,16,4,83,79,75,70,68,64,78,69,57,30.02,29.97,29.95,12,7,6,16,8,-,0,
2014,17,4,85,80,74,70,68,66,83,66,46,29.98,29.93,29.89,12,7,6,18,10,30,0,
2014,18,4,84,80,76,72,69,66,83,67,48,29.96,29.92,29.86,12,7,6,14,8,-,0,
2014,19,4,89,81,73,73,71,68,88,70,52,30.01,29.96,29.92,12,7,6,10,5,-,0,
2014,20,4,91,84,76,72,70,68,83,65,45,30,29.94,29.86,12,7,6,16,8,-,0,
2014,21,4,84,80,77,75,71,70,83,73,60,30.01,29.96,29.92,12,7,6,18,7,-,0,Rain
2014,22,4,87,80,73,72,69,66,89,72,43,30.02,29.95,29.89,12,7,5,12,5,-,0,
2014,23,4,92,82,72,72,70,68,88,68,46,29.99,29.93,29.86,12,7,6,17,6,-,0,
2014,24,4,82,78,73,70,69,68,88,75,62,29.97,29.92,29.86,12,5,1,15,8,-,2.01,"Rain , Thunderstorm"
2014,25,4,81,76,72,70,63,52,88,62,33,29.99,29.92,29.86,12,7,5,22,10,36,0,
2014,26,4,81,76,72,63,59,54,69,55,37,30.04,29.98,29.92,12,8,6,17,10,-,0,
2014,27,4,81,76,70,63,61,57,73,59,46,30.11,30.05,30.01,12,7,6,21,10,31,0,
2014,28,4,81,75,69,63,57,51,73,55,35,30.19,30.13,30.09,12,7,4,23,12,-,0,Rain
2014,29,4,80,73,66,61,56,52,78,55,35,30.2,30.13,30.09,12,8,6,17,9,-,0.08,
2014,30,4,78,72,65,64,61,57,88,71,44,30.15,30.07,30.01,12,7,3,7,5,-,0,Rain
2014,1,5,83,74,65,63,59,52,83,59,25,30.06,30,29.92,12,8,5,13,5,-,0,
2014,2,5,86,74,62,63,59,54,88,63,27,30.11,30.03,29.98,12,9,6,9,4,-,0,
2014,3,5,81,72,63,68,64,59,88,73,51,30.16,30.11,30.06,12,8,6,13,5,-,0.02,
2014,4,5,83,75,67,72,66,63,88,74,49,30.16,30.09,30.04,12,7,6,9,4,-,0,
2014,5,5,86,76,67,70,67,64,94,72,50,30.09,30.03,29.98,12,9,6,13,4,-,0,
2014,6,5,86,76,67,72,67,61,88,69,45,30.12,30.05,30.01,12,8,6,15,6,-,0,
2014,7,5,87,78,68,72,68,64,88,71,46,30.12,30.06,30.01,12,7,6,15,6,-,0,
2014,8,5,87,78,70,70,66,63,88,64,36,30.06,29.98,29.89,12,12,12,15,6,-,0,
2014,9,5,90,80,70,73,68,64,88,69,43,29.92,29.85,29.74,12,8,6,15,6,-,0.04,"Rain , Thunderstorm"
2014,10,5,81,76,71,68,62,57,74,61,42,30.08,29.97,29.89,12,7,6,16,11,-,0,
2014,11,5,75,72,66,64,60,54,78,64,43,30.21,30.14,30.06,12,6,4,18,11,-,0,Rain
2014,12,5,79,72,64,61,59,55,83,65,38,30.18,30.11,30.06,12,8,6,14,7,-,0,
2014,13,5,80,72,64,68,62,58,83,69,49,30.11,30.05,30.01,12,7,6,12,6,-,0,
2014,14,5,80,73,66,68,66,63,94,75,51,30.1,30.04,30.01,12,7,3,12,5,-,0,
2014,15,5,82,74,66,68,65,62,88,75,48,30.11,30.03,29.98,12,8,6,14,4,-,0,
2014,16,5,82,74,65,66,65,63,88,73,51,30.06,29.96,29.89,12,8,6,14,4,-,0,
2014,17,5,82,74,65,70,66,63,88,75,59,30.06,30.01,29.95,12,8,6,16,5,-,0,
2014,18,5,81,74,68,69,66,63,88,75,51,30.08,30.02,29.98,12,7,6,7,4,-,0,
2014,19,5,83,76,69,68,66,64,88,74,48,30.06,30.01,29.98,12,8,6,15,5,-,0,
2014,20,5,82,74,65,68,66,63,94,75,48,30.08,30.04,30.01,12,7,4,14,4,-,0,
2014,21,5,84,76,69,68,66,63,88,71,48,30.08,30.01,29.92,12,7,4,14,5,-,0,
2014,22,5,87,78,70,70,67,63,83,67,43,30.04,29.97,29.89,12,8,6,16,7,-,0,
2014,23,5,85,77,69,68,67,63,88,66,38,29.99,29.93,29.89,12,10,6,17,6,-,0,
2014,24,5,83,76,70,70,67,66,88,76,59,30.04,29.98,29.92,12,7,4,23,7,-,0,Rain
2014,25,5,79,76,72,70,66,63,83,72,53,30.1,30.04,29.98,12,7,6,13,7,-,0,
2014,26,5,84,78,71,72,68,66,88,72,50,30.08,30,29.92,12,7,6,14,5,-,0,
2014,27,5,80,78,75,70,68,64,78,71,61,30.03,29.97,29.92,12,7,6,16,8,-,0.04,Rain
2014,28,5,79,75,71,68,66,63,83,74,57,30.05,30,29.95,12,7,4,17,7,-,0.04,Rain
2014,29,5,79,75,71,64,62,59,78,64,47,30.12,30.07,30.01,12,7,6,15,12,-,0,
2014,30,5,78,73,66,66,61,55,83,66,40,30.18,30.12,30.09,12,7,6,16,7,-,0,
2014,31,5,79,71,63,64,61,59,88,71,50,30.14,30.08,30.04,12,8,6,14,6,-,0,
2014,1,6,83,74,65,66,62,60,88,69,38,30.04,29.97,29.89,12,8,6,12,5,-,0,
2014,2,6,85,74,64,66,63,59,88,68,30,29.92,29.86,29.8,12,10,6,12,4,-,0,
2014,3,6,80,72,65,64,63,59,88,70,48,30.04,29.96,29.89,12,7,6,18,6,-,0,
2014,4,6,78,73,68,66,64,62,88,72,53,30.08,30.02,29.98,12,7,6,12,5,-,0,
2014,5,6,87,76,64,68,64,61,88,69,31,30.04,29.97,29.89,12,7,5,14,5,-,0,
2014,6,6,88,79,70,68,63,52,83,61,29,29.99,29.94,29.89,12,10,6,16,9,-,0,
2014,7,6,84,79,74,68,65,63,78,64,46,30.04,29.99,29.95,12,7,6,18,10,-,0,
2014,8,6,84,76,67,70,65,63,83,67,46,30.12,30.03,29.98,12,7,6,18,8,-,0,
2014,9,6,86,79,72,72,66,63,94,65,44,30.19,30.12,30.06,12,8,6,16,6,-,0,
2014,10,6,81,75,69,70,67,64,88,73,57,30.23,30.18,30.15,12,7,5,15,7,-,0.04,Rain
2014,11,6,82,75,68,70,67,63,88,76,48,30.25,30.2,30.15,12,7,3,18,5,-,0.16,Rain
2014,12,6,81,76,69,70,66,63,88,73,51,30.25,30.2,30.15,12,7,4,10,5,-,0.08,Rain
2014,13,6,76,72,69,70,67,64,88,81,65,30.26,30.21,30.18,12,4,1,12,4,-,0.24,Rain
2014,14,6,80,74,69,68,65,62,88,75,45,30.25,30.19,30.15,12,7,3,9,4,-,0,Rain
2014,15,6,82,74,66,68,64,61,88,74,47,30.2,30.14,30.12,12,8,6,9,3,-,0,
2014,16,6,79,72,66,68,65,63,94,77,56,30.22,30.16,29.89,12,7,6,13,5,-,0,
2014,17,6,83,74,65,68,66,62,94,75,52,30.21,30.14,30.09,12,8,6,14,5,-,0,
2014,18,6,84,76,67,68,65,63,88,71,48,30.18,30.12,30.06,12,8,6,13,5,-,0,
2014,19,6,79,74,69,66,63,59,88,69,45,30.22,30.17,30.12,12,7,6,17,6,-,0,
2014,20,6,72,70,68,66,64,61,94,80,66,30.22,30.17,30.15,12,4,1,17,9,-,0.24,Rain
2014,21,6,76,72,67,66,65,63,88,79,63,30.23,30.18,30.15,12,6,2,13,5,-,0.08,Rain
2014,22,6,77,72,64,65,63,59,88,79,61,30.27,30.22,30.12,12,6,2,13,4,-,0.01,Rain
2014,23,6,78,70,63,63,60,57,88,72,38,30.28,30.23,30.18,12,7,6,10,4,-,0,Rain
2014,24,6,80,72,64,64,61,59,88,71,48,30.24,30.16,30.09,12,7,6,12,3,-,0,
2014,25,6,80,72,63,64,62,59,88,72,46,30.12,30.08,30.01,12,8,6,14,4,-,0,
2014,26,6,82,73,64,66,63,57,88,70,41,30.12,30.06,29.98,12,10,6,16,6,-,0,
2014,27,6,84,74,64,68,64,61,88,70,37,30.13,30.08,30.04,12,8,6,16,6,-,0,
2014,28,6,83,74,65,70,67,63,94,75,57,30.16,30.1,30.06,12,8,6,13,5,-,0,
2014,29,6,83,78,71,69,68,66,88,77,58,30.15,30.08,30.04,12,7,2,15,6,-,0.04,Rain
2014,30,6,83,76,70,68,65,64,83,68,46,30.09,30.02,29.95,12,7,6,16,7,-,0,
2014,1,7,87,80,72,68,67,64,83,68,46,30.06,30,29.95,12,10,6,15,9,-,0,
2014,2,7,81,74,67,70,67,63,88,77,54,30.12,30.07,30.01,12,7,5,12,4,-,0,
2014,3,7,81,76,70,68,68,66,88,76,59,30.2,30.14,30.12,12,6,3,10,4,-,0,
2014,4,7,83,74,65,66,65,63,88,73,48,30.23,30.17,30.12,12,8,6,12,4,-,0,
2014,5,7,80,72,65,66,63,34,88,74,21,30.24,30.19,30.15,12,7,6,12,3,-,0,
2014,6,7,79,72,64,68,65,61,88,79,51,30.27,30.22,30.18,12,6,2,10,3,-,0.04,Rain
2014,7,7,80,74,68,68,67,64,94,80,57,30.3,30.23,30.18,12,6,2,12,4,-,0.35,Rain
2014,8,7,78,74,68,68,66,63,88,78,57,30.28,30.22,30.15,12,7,5,10,2,-,0,Rain
2014,9,7,79,72,65,66,65,63,88,78,54,30.21,30.15,30.09,12,7,6,13,3,-,0,
2014,10,7,80,73,66,66,64,63,88,73,53,30.16,30.09,30.04,12,7,6,9,4,-,0,
2014,11,7,77,72,66,66,64,61,88,74,55,30.15,30.08,30.01,12,7,5,16,5,-,0,
2014,12,7,79,74,68,64,62,59,83,68,48,30.27,30.19,30.12,12,7,2,21,10,-,0.08,Rain
2014,13,7,77,72,66,64,61,54,88,71,50,30.33,30.27,29.95,12,7,3,18,10,-,0.08,Rain
2014,14,7,75,68,60,63,59,46,88,74,36,30.33,30.27,30.24,12,6,2,14,6,-,0.16,Rain
2014,15,7,72,68,64,63,61,59,88,79,60,30.32,30.27,30.24,12,6,2,13,5,-,0.04,Rain
2014,16,7,80,72,63,66,62,61,88,73,43,30.29,30.24,30.18,12,7,3,12,5,-,0.02,Rain
2014,17,7,71,70,68,66,65,64,88,85,81,30.31,30.23,30.18,12,4,1,8,3,-,0.2,Rain
2014,18,7,84,76,67,66,64,59,88,64,33,30.18,30.1,30.04,12,8,6,16,9,-,0,
2014,19,7,75,71,66,64,62,59,83,69,54,30.22,30.14,30.04,12,8,6,18,8,-,0,
2014,20,7,74,70,66,61,59,57,78,63,51,30.25,30.2,30.15,12,7,6,15,7,-,0,
2014,21,7,75,68,60,63,60,55,88,70,53,30.29,30.23,30.18,12,7,6,13,5,-,0,
2014,22,7,78,70,63,63,60,57,88,71,40,30.31,30.25,30.21,12,7,6,10,4,-,0,
2014,23,7,79,72,64,63,61,59,88,72,48,30.28,30.22,30.15,12,7,6,14,4,-,0,
2014,24,7,81,73,65,73,64,61,88,69,48,30.18,30.1,30.04,12,7,6,16,7,-,0,
2014,25,7,84,78,73,70,65,63,83,65,48,30.12,30.06,30.01,12,7,6,13,10,-,0,Rain
2014,26,7,75,72,68,66,64,63,88,74,63,30.18,30.12,30.06,12,6,3,12,6,-,0.24,Rain
2014,27,7,77,72,68,66,64,63,88,78,69,30.26,30.18,30.12,12,6,3,10,5,-,0,Rain
2014,28,7,79,74,69,64,63,62,83,75,52,30.34,30.27,30.21,12,5,2,22,10,-,0.16,Rain
2014,29,7,72,70,66,64,61,57,83,74,59,30.39,30.32,30.21,12,6,1,20,16,-,0.16,Rain
2014,30,7,73,68,62,61,58,55,88,71,59,30.36,30.29,30.24,12,6,3,15,8,-,0.16,Rain
2014,31,7,73,68,62,63,61,59,88,77,53,30.27,30.2,30.15,12,6,1,8,4,-,0,Rain
2014,1,8,78,70,61,63,59,57,94,71,47,30.19,30.15,30.09,12,8,6,10,4,-,0,
2014,2,8,84,78,71,64,64,61,78,70,45,30.09,30.06,30.04,-,-,-,7,6,-,0,
2014,3,8,84,74,64,68,65,61,88,72,49,30.06,30.01,29.95,12,12,12,15,6,-,0,
2014,4,8,86,78,71,70,67,66,88,71,46,30.06,30.02,29.98,12,8,6,15,10,-,0,
2014,5,8,80,74,69,70,62,50,88,65,41,30.3,30.13,30.01,12,7,4,29,15,40,0,
2014,6,8,76,71,66,55,52,47,68,50,25,30.34,30.29,30.24,12,7,5,20,14,-,0,
2014,7,8,77,68,60,57,55,49,88,61,28,30.31,30.25,30.18,12,8,6,12,5,-,0,
2014,8,8,81,69,57,63,56,52,88,64,29,30.22,30.16,30.09,12,12,12,12,4,-,0,
2014,9,8,79,70,60,63,59,55,88,66,44,30.24,30.18,30.12,12,8,6,14,6,-,0,
2014,10,8,79,72,64,63,60,55,88,67,43,30.24,30.17,30.12,12,7,6,12,5,-,0,
2014,11,8,80,70,60,64,60,55,88,66,40,30.21,30.14,30.06,12,8,6,16,5,-,0,
2014,12,8,84,77,70,66,63,59,83,66,42,30.17,30.09,30.04,12,8,6,20,9,-,0,
2014,13,8,87,79,71,64,60,55,73,55,34,30.16,30.05,29.98,12,9,6,16,10,-,0,
2014,14,8,73,70,66,65,61,57,83,73,57,30.33,30.24,30.15,12,6,3,28,17,-,0,Rain
2014,15,8,73,70,66,66,62,34,83,73,25,30.38,30.33,30.27,12,5,1,17,13,-,0.04,Rain
2014,16,8,75,72,69,70,67,64,94,82,69,30.36,30.31,30.27,12,5,1,15,13,-,0.08,Rain
2014,17,8,77,72,68,72,67,63,100,85,69,30.3,30.24,30.18,12,5,2,14,7,-,0.24,Rain
2014,18,8,79,72,66,68,65,63,100,81,61,30.21,30.14,30.09,12,7,6,15,4,-,0.08,Rain
2014,19,8,75,70,64,66,64,61,88,75,48,30.19,30.13,30.09,12,6,1,13,5,-,0,Fog
2014,20,8,77,70,62,66,64,59,88,76,57,30.24,30.18,30.12,12,7,6,16,5,-,0,
2014,21,8,78,70,62,70,63,59,88,74,52,30.24,30.17,30.09,12,7,6,14,5,-,0,
2014,22,8,86,75,64,70,63,59,94,69,37,30.17,30.1,30.01,12,8,6,14,5,-,0,
2014,23,8,85,73,61,66,63,57,88,69,37,30.12,30.07,30.01,12,10,6,16,5,-,0,
2014,24,8,82,73,64,63,59,55,88,63,37,30.15,30.07,29.98,12,8,6,21,8,-,0,
2014,25,8,84,74,64,63,60,57,78,60,37,30.13,30.05,29.95,12,8,6,20,9,-,0,
2014,26,8,86,79,72,68,63,59,69,60,43,30.18,30.02,29.95,12,8,6,20,12,-,0,
2014,27,8,87,78,70,68,64,61,83,62,41,30.04,29.97,29.92,12,8,6,16,13,-,0.01,Rain
2014,28,8,77,73,68,68,64,63,88,74,59,30.12,30.04,30.01,12,6,2,17,11,-,0.02,Rain
2014,29,8,73,70,67,64,62,59,83,75,55,30.19,30.14,30.09,12,6,1,15,10,-,0.03,Rain
2014,30,8,75,71,67,66,63,61,88,78,62,30.21,30.15,30.12,12,6,2,12,4,-,0.59,Rain
2014,31,8,81,74,68,68,66,64,88,73,54,30.15,30.05,29.98,12,6,2,22,8,-,0,Rain
2014,1,9,87,80,72,70,67,64,83,66,38,29.98,29.9,29.8,12,9,6,16,11,-,0,
2014,2,9,80,75,70,70,66,61,88,73,43,30.03,29.96,29.89,12,8,5,18,6,-,0,
2014,3,9,82,74,67,68,66,64,88,79,58,30.05,29.94,29.83,12,6,2,12,4,-,0.04,
2014,4,9,81,74,67,66,63,61,88,71,51,30.22,30.07,29.98,12,5,2,30,11,41,0.16,Rain
2014,5,9,76,71,66,63,56,50,88,58,38,30.31,30.25,30.18,12,7,4,20,12,26,0,Rain
2014,6,9,76,72,66,59,56,52,78,56,39,30.32,30.26,30.21,12,7,5,16,12,-,0.02,Rain
2014,7,9,78,70,62,61,57,52,88,62,29,30.29,30.23,30.18,12,7,6,15,5,-,0,
2014,8,9,79,72,65,63,60,57,78,64,41,30.3,30.23,30.18,12,7,6,14,5,-,0,
2014,9,9,79,73,67,66,63,59,88,70,48,30.26,30.19,30.15,12,7,4,15,6,-,0.02,Rain
2014,10,9,81,74,68,64,63,61,83,67,44,30.18,30.13,30.06,12,7,6,23,10,-,0,Rain
2014,11,9,82,76,70,64,63,57,78,63,42,30.14,30.08,30.01,12,7,6,20,10,-,0,
2014,12,9,83,75,67,66,63,59,78,63,42,30.15,30.08,30.04,12,7,6,20,8,-,0,
2014,13,9,82,74,66,65,63,59,88,68,45,30.19,30.14,30.09,12,7,6,17,7,-,0,
2014,14,9,81,73,65,64,61,54,88,65,34,30.2,30.14,30.09,12,7,6,20,6,-,0,
2014,15,9,82,74,65,63,61,59,83,62,40,30.15,30.07,29.98,12,7,6,23,9,32,0,
2014,16,9,84,78,72,66,63,59,73,60,42,30.04,29.99,29.92,12,8,6,23,12,34,0,
2014,17,9,79,76,72,68,66,64,83,73,56,30.15,30.08,30.04,12,6,4,15,8,-,0,Rain
2014,18,9,85,78,70,68,65,59,88,67,40,30.15,30.08,30.01,12,7,4,20,7,-,0,
2014,19,9,83,78,72,68,65,63,83,65,45,30.09,30.02,29.95,12,7,6,21,12,33,0,
2014,20,9,89,81,73,68,65,61,74,61,38,30.04,29.95,29.86,12,8,6,21,13,33,0,
2014,21,9,89,79,69,72,67,64,88,69,46,30.01,29.89,29.77,12,7,4,21,10,32,0.31,
2014,22,9,76,72,69,64,59,54,83,61,36,30.19,30.09,30.01,12,7,2,24,16,34,0,"Rain , Thunderstorm"
2014,23,9,77,70,63,64,61,59,88,68,43,30.23,30.17,30.12,12,7,6,13,8,-,0.01,
2014,24,9,82,73,64,64,60,54,88,62,32,30.19,30.12,30.04,12,7,6,23,8,-,0,
2014,25,9,82,76,71,63,62,61,69,61,43,30.15,30.08,30.01,12,7,6,22,11,32,0,
2014,26,9,86,78,71,66,61,57,69,56,35,30.09,30.03,29.95,12,8,6,24,12,-,0,
2014,27,9,86,80,73,67,65,61,73,62,42,30.08,30.04,29.98,12,7,6,22,11,26,0,
2014,28,9,87,80,72,70,66,61,78,66,40,30.12,30.06,30.01,12,8,6,21,11,-,0,
2014,29,9,86,80,74,70,68,66,83,68,50,30.09,30.02,29.92,12,7,4,23,12,33,0,
2014,30,9,90,83,76,70,67,64,74,63,39,30.01,29.96,29.89,12,7,6,21,14,32,0.01,
2014,1,10,89,82,75,70,68,66,83,65,46,30.01,29.94,29.86,12,7,6,21,13,30,0,"Rain , Thunderstorm"
2014,2,10,84,78,71,68,64,59,74,61,45,30.24,30.08,29.92,12,7,6,29,16,40,0,
2014,3,10,77,72,66,66,55,50,83,57,34,30.32,30.25,30.18,12,6,1,25,17,33,0.04,Rain
2014,4,10,74,68,63,57,54,47,77,60,28,30.32,30.26,30.21,12,6,2,21,12,29,0.2,Rain
2014,5,10,75,67,59,59,55,50,88,65,35,30.31,30.26,30.21,12,6,2,18,8,-,0.08,"Rain , Thunderstorm"
2014,6,10,73,68,62,61,59,57,88,72,49,30.3,30.24,30.21,12,7,4,13,7,25,0,Rain
2014,7,10,79,70,62,61,59,52,88,70,36,30.26,30.19,30.12,12,7,1,9,4,-,0,Rain
2014,8,10,78,70,63,64,60,57,88,69,42,30.18,30.11,30.06,12,7,6,10,4,-,0,
2014,9,10,81,72,63,63,61,59,88,68,45,30.13,30.08,30.04,12,7,6,17,5,-,0,
2014,10,10,84,74,64,66,62,59,88,64,40,30.13,30.07,30.01,12,8,6,20,6,-,0,
2014,11,10,87,78,69,68,64,59,74,62,43,30.09,30.04,29.98,12,8,6,21,10,26,0,
2014,12,10,88,80,73,68,65,61,78,62,40,30.12,30.05,30.01,12,9,6,23,15,-,0,
2014,13,10,89,82,74,70,67,63,78,64,40,30.08,30.01,29.95,12,7,6,25,14,30,0,
2014,14,10,92,82,73,68,66,63,78,61,38,30.04,29.97,29.89,12,8,6,23,15,36,0,
2014,15,10,78,76,73,68,67,64,78,71,57,30.13,30.05,29.95,12,6,4,14,9,-,0,
2014,16,10,82,77,72,70,67,64,88,72,50,30.16,30.09,30.04,12,5,1,13,6,-,0,Rain
2014,17,10,89,81,73,68,66,63,78,63,40,30.06,30,29.92,12,7,6,23,13,34,0,
2014,18,10,90,82,74,70,67,61,78,65,40,29.99,29.94,29.86,12,7,6,25,15,37,0,
2014,19,10,91,84,76,70,68,64,78,63,42,29.97,29.9,29.83,12,7,6,26,14,33,0,
2014,20,10,89,82,76,70,67,64,78,59,43,29.95,29.89,29.8,12,6,4,16,10,-,0,
2014,21,10,78,74,69,70,66,63,83,72,58,30.12,30.03,29.95,9,6,2,17,12,-,0,Rain
2014,22,10,78,72,66,64,60,57,88,65,44,30.21,30.13,30.06,12,6,1,17,12,-,0,Rain
2014,23,10,76,72,67,66,61,57,83,66,43,30.19,30.13,30.06,12,7,6,14,7,-,0,
2014,24,10,81,74,66,64,62,58,88,65,38,30.12,30.04,29.98,12,7,6,17,6,-,0,
2014,25,10,85,76,66,68,63,59,83,64,36,30.01,29.94,29.86,12,8,6,20,8,29,0,
2014,26,10,85,77,69,70,66,63,89,75,42,30.02,29.95,29.89,12,6,1,17,7,24,0.71,"Rain , Thunderstorm"
2014,27,10,80,74,68,66,65,61,88,78,54,30.09,30,29.95,12,6,1,13,6,-,0.35,Rain
2014,28,10,75,70,66,66,64,61,94,81,60,30.06,30.02,29.98,12,6,2,13,5,-,0.2,Rain
2014,29,10,72,70,67,68,66,64,94,87,81,30.02,29.97,29.92,12,4,1,10,3,-,0.2,Rain
2014,30,10,78,73,68,70,67,64,94,82,59,30.06,29.97,29.92,12,4,0,20,11,-,7.48,"Rain , Thunderstorm"
2014,31,10,79,74,70,70,68,66,88,79,65,30.07,30.02,29.98,12,6,2,23,13,-,0.87,Rain
2014,1,11,80,76,71,68,66,64,83,72,54,30.12,30.06,30.01,12,7,6,20,10,-,0,
2014,2,11,81,76,70,66,65,62,83,68,46,30.09,30.02,29.95,12,7,6,22,12,-,0,
2014,3,11,81,74,67,65,64,61,88,68,43,30.04,29.98,29.92,12,7,6,22,8,-,0,
2014,4,11,82,76,69,66,65,61,88,69,49,30.04,29.95,29.86,12,7,6,26,10,36,0,Rain
2014,5,11,84,77,70,70,67,64,88,71,50,30.04,29.97,29.89,12,7,4,23,11,-,0,Rain
2014,6,11,85,79,73,70,69,66,83,72,53,30.07,30.03,29.98,12,7,6,21,12,-,0,
2014,7,11,81,77,73,70,67,64,83,72,49,30.06,29.99,29.89,12,7,5,23,11,-,0,Rain
2014,8,11,87,80,72,68,66,63,78,66,47,29.98,29.88,29.77,12,8,6,23,11,30,0,
2014,9,11,78,76,74,68,67,66,78,73,66,29.93,29.88,29.8,12,7,6,13,8,-,0,Rain
2014,10,11,78,74,71,68,65,64,78,72,63,29.97,29.9,29.86,12,7,6,17,8,-,0,
2014,11,11,78,74,71,68,65,63,83,71,58,29.95,29.91,29.86,12,7,6,18,10,-,0,
2014,12,11,82,76,69,70,68,66,88,75,56,29.92,29.84,29.74,12,7,6,20,6,-,0,
2014,13,11,85,79,73,73,70,68,89,78,62,29.84,29.79,29.74,12,6,2,15,9,-,0.31,Rain
2014,14,11,79,76,73,73,70,68,88,82,75,29.89,29.8,29.74,12,6,3,20,9,28,0.03,Rain
2014,15,11,77,73,69,68,63,59,83,68,51,30.02,29.93,29.86,12,7,6,24,16,36,0,
2014,16,11,78,74,69,66,60,57,69,62,51,30.06,29.99,29.95,12,7,6,22,13,-,0,
2014,17,11,76,72,68,63,58,54,68,59,41,30.07,30.02,29.98,12,7,6,22,13,-,0,
2014,18,11,78,70,63,61,58,55,77,61,46,30.07,30.02,29.98,12,7,6,21,8,-,0,
2014,19,11,77,70,62,66,60,55,82,66,43,30.09,30.04,29.98,12,7,6,13,5,-,0,
2014,20,11,79,74,68,66,63,61,88,67,46,30.08,30.03,29.98,12,7,6,14,5,-,0,
2014,21,11,83,76,69,70,67,64,83,72,54,30.04,29.99,29.92,12,7,6,18,8,-,0,
2014,22,11,83,78,74,73,70,68,83,74,57,30.01,29.95,29.89,12,7,6,23,13,26,0,
2014,23,11,82,78,73,73,69,66,88,74,61,29.98,29.92,29.86,12,7,6,23,13,-,0.02,Rain
2014,24,11,81,78,74,73,70,68,83,77,67,30.01,29.96,29.92,12,7,5,16,8,-,0,
2014,25,11,83,78,74,74,70,68,83,75,58,29.98,29.92,29.83,12,7,6,17,9,-,0,
2014,26,11,86,80,74,70,67,64,78,65,51,29.93,29.88,29.8,12,8,6,23,14,32,0,
2014,27,11,88,81,74,71,67,64,78,65,43,29.94,29.87,29.8,12,7,6,23,13,-,0,
2014,28,11,81,77,73,72,68,66,83,76,65,30.01,29.92,29.86,12,5,2,14,9,-,0.75,Rain
2014,29,11,80,76,71,72,68,64,88,78,63,30.05,30,29.95,12,5,2,18,11,-,0.16,Rain
2014,30,11,77,74,71,72,69,66,88,82,77,30.04,29.99,29.92,12,5,1,24,11,36,0.08,Rain
2014,1,12,82,76,69,73,68,66,88,76,57,30.1,30.03,29.98,12,7,6,18,8,28,0,
2014,2,12,82,75,68,74,67,63,83,72,48,30.09,30.03,29.98,12,7,6,16,6,-,0,
2014,3,12,83,76,68,72,66,63,83,72,54,30.04,29.98,29.89,12,7,6,18,6,-,0,Rain
2014,4,12,84,76,69,66,63,61,73,60,41,29.95,29.9,29.83,12,9,6,20,10,-,0,
2014,5,12,85,78,72,68,66,64,78,67,51,30.01,29.94,29.89,12,7,6,16,8,-,0,
2014,6,12,79,74,69,72,68,64,89,78,63,30.07,30.01,29.98,12,6,2,14,7,-,0.47,Rain
2014,7,12,80,76,71,73,69,66,88,79,68,30.07,30.03,29.98,12,7,6,12,5,-,0.08,Rain
2014,8,12,80,76,72,74,70,68,89,80,69,30.06,30.01,29.95,12,7,2,14,5,-,0.12,Rain
2014,9,12,83,78,73,73,69,66,83,73,56,30.04,29.98,29.89,12,7,6,18,8,-,0,
2014,10,12,83,78,72,70,67,64,83,69,50,30.03,29.97,29.92,12,7,6,22,9,-,0,
2014,11,12,83,78,73,72,68,66,78,69,53,30.03,29.98,29.89,12,7,6,21,10,-,0,
2014,12,12,85,80,74,70,68,66,78,69,52,30.01,29.95,29.86,12,7,6,23,11,-,0,
2014,13,12,86,80,73,72,68,66,83,70,55,29.95,29.88,29.8,12,7,6,20,10,31,0,
2014,14,12,82,79,76,70,67,64,74,66,48,29.89,29.84,29.8,12,7,6,20,10,-,0.01,Rain
2014,15,12,74,72,71,70,67,64,88,80,67,30.04,29.94,29.86,12,5,1,14,6,-,1.02,"Rain , Thunderstorm"
2014,16,12,80,76,71,66,64,61,73,67,50,30.04,29.99,29.95,12,8,6,17,12,-,0,
2014,17,12,78,72,66,70,65,61,83,72,60,30.04,29.95,29.86,12,8,6,16,7,-,0,
2014,18,12,86,79,72,72,69,66,83,72,53,29.95,29.88,29.8,12,7,6,23,10,30,0,
2014,19,12,87,80,74,72,69,66,78,68,51,29.89,29.84,29.77,12,7,6,20,12,-,0,
2014,20,12,89,81,73,72,70,66,83,69,52,29.92,29.86,29.8,12,7,6,22,13,31,0,
2014,21,12,89,83,77,72,70,66,74,68,49,29.95,29.89,29.83,12,7,6,21,12,-,0,
2014,22,12,86,80,75,72,69,66,78,69,53,29.96,29.9,29.83,12,7,6,25,15,36,0,
2014,23,12,86,80,75,72,69,66,83,70,54,29.98,29.93,29.86,12,7,6,21,14,29,0,
2014,24,12,86,80,75,70,68,65,78,66,42,30.04,29.96,29.92,12,7,6,20,11,-,0,
2014,25,12,87,80,73,73,69,64,83,71,48,30.12,30.04,30.01,12,7,6,17,8,-,0,
2014,26,12,85,80,74,72,68,64,83,68,46,30.14,30.09,30.04,12,7,6,17,8,-,0,
2014,27,12,84,76,68,72,65,63,83,66,39,30.09,30.03,29.95,12,8,6,20,8,-,0,
2014,28,12,89,80,72,68,67,64,78,63,42,30.04,29.91,29.8,12,10,6,21,10,32,0,
2014,29,12,92,82,73,72,69,66,78,66,46,29.9,29.84,29.77,12,12,12,22,14,-,0,
2014,30,12,88,81,74,72,69,66,78,67,46,29.95,29.87,29.8,12,11,6,24,14,-,0,
2014,31,12,88,81,74,68,67,64,78,64,40,29.98,29.91,29.86,12,8,6,23,14,32,0,
2015,1,1,88,81,74,68,67,64,78,61,43,29.98,29.91,29.83,12,10,6,22,12,-,0, 
2015,2,1,89,82,75,70,68,66,78,64,46,29.98,29.89,29.83,12,9,6,22,15,-,0,Thunderstorm
2015,3,1,90,82,75,70,68,66,78,64,45,29.99,29.91,29.86,12,10,6,20,14,-,0, 
2015,4,1,89,82,74,68,66,59,78,62,38,30.03,29.97,29.92,12,8,6,21,10,-,0, 
2015,5,1,87,78,70,70,67,61,78,64,44,30.07,30.01,29.95,12,7,6,20,10,-,0, 
2015,6,1,85,79,73,72,68,66,83,68,49,30.1,30.06,30.04,12,7,6,17,7,-,0, 
2015,7,1,87,80,72,71,66,62,83,64,37,30.09,30.04,30.01,12,7,6,18,8,-,0, 
2015,8,1,86,78,70,70,66,64,83,64,42,30.1,30.04,29.98,12,7,6,20,8,-,0, 
2015,9,1,86,78,70,70,67,63,78,67,43,30.11,30.04,29.98,12,8,6,20,9,-,0, 
2015,10,1,87,79,71,70,66,64,78,64,46,30.08,30,29.92,12,8,6,23,11,25,0, 
2015,11,1,89,82,75,70,68,64,78,63,41,30.04,29.98,29.92,12,7,6,26,12,36,0, 
2015,12,1,90,83,76,70,69,66,78,64,46,30.03,29.98,29.92,12,7,6,25,14,34,0, 
2015,13,1,86,82,77,70,68,64,78,64,38,30.04,29.99,29.92,12,7,6,23,13,33,0, 
2015,14,1,86,80,74,70,68,66,78,66,44,30.06,30,29.95,12,8,6,22,11,-,0, 
2015,15,1,87,80,73,70,67,64,78,63,43,30.05,30,29.95,12,7,6,23,11,-,0, 
2015,16,1,87,81,75,68,67,66,78,63,43,30.07,30.02,29.98,12,8,6,21,10,-,0, 
2015,17,1,88,80,71,70,67,63,78,64,40,30.04,29.98,29.89,12,7,6,23,10,-,0, 
2015,18,1,91,83,75,68,68,64,78,63,41,30.02,29.97,29.92,12,8,6,25,12,-,0, 
2015,19,1,89,82,75,70,67,61,78,63,32,30.06,29.99,29.92,12,8,6,21,11,-,0, 
2015,20,1,88,82,75,70,67,64,78,63,40,30.01,29.93,29.86,12,7,6,24,11,-,0, 
2015,21,1,88,82,75,70,67,64,74,63,46,29.96,29.9,29.83,12,7,6,23,13,33,0, 
2015,22,1,89,82,75,70,68,66,78,64,46,29.98,29.92,29.86,12,7,6,22,11,-,0, 
2015,23,1,83,79,75,70,67,64,78,67,47,30.05,29.99,29.95,12,7,6,21,9,-,0, 
2015,24,1,88,81,74,70,68,61,83,65,40,30.04,29.98,29.92,12,7,6,20,11,-,0, 
2015,25,1,87,80,72,72,68,64,83,66,44,30.01,29.97,29.92,12,7,6,20,9,-,0, 
2015,26,1,89,82,74,70,68,66,78,66,43,29.98,29.94,29.86,12,7,6,22,10,-,0, 
2015,27,1,87,82,76,71,69,63,78,68,52,30.01,29.96,29.89,12,7,6,21,11,-,0, 
2015,28,1,90,82,75,72,68,66,78,63,43,30.01,29.97,29.89,12,8,6,23,11,-,0, 
2015,29,1,91,82,74,70,68,64,78,63,36,30,29.92,29.83,12,8,6,21,10,-,0, 
2015,30,1,94,84,75,70,68,63,78,62,34,29.95,29.88,29.83,12,10,6,21,12,-,0, 
2015,31,1,89,82,74,72,68,64,78,63,37,30.03,29.97,29.92,12,8,6,18,9,-,0, 
2015,1,2,88,80,73,73,68,64,83,67,42,30.04,30,29.95,12,7,6,21,8,-,0, 
2015,2,2,90,83,76,72,67,64,78,62,35,30.04,29.96,29.89,12,8,6,26,10,36,0, 
2015,3,2,88,82,75,70,67,64,78,63,43,29.99,29.93,29.83,12,8,6,22,11,-,0, 
2015,4,2,90,84,77,70,67,64,74,61,39,29.92,29.86,29.77,12,7,6,22,12,-,0, 
2015,5,2,84,80,76,72,68,64,78,69,48,29.89,29.83,29.77,12,6,3,14,10,-,0.16,Rain
2015,6,2,86,80,75,73,70,68,89,75,55,29.86,29.81,29.77,6,6,4,18,11,-,0,"Rain , Thunderstorm"
2015,7,2,82,78,74,73,71,69,94,80,62,29.89,29.82,29.74,12,6,3,17,10,-,0.28,Rain
2015,8,2,85,79,73,72,70,68,89,78,58,30.01,29.91,29.86,12,7,2,14,9,-,0.67,"Rain , Thunderstorm"
2015,9,2,86,80,73,73,70,66,89,75,51,30.01,29.95,29.89,12,7,5,20,10,-,0.39,Rain
2015,10,2,86,80,75,72,70,64,83,70,47,30.06,29.99,29.95,12,7,6,18,10,-,0, 
2015,11,2,88,80,71,72,69,66,88,70,43,30.07,30.02,29.95,12,7,6,18,8,-,0, 
2015,12,2,92,82,72,73,69,63,83,69,36,30.07,30.02,29.95,12,9,6,21,9,-,0, 
2015,13,2,91,84,77,72,70,68,78,65,44,30.07,30,29.92,12,8,6,21,12,-,0, 
2015,14,2,87,81,75,72,69,67,83,68,44,30.02,29.97,29.89,12,8,6,23,11,-,0, 
2015,15,2,88,81,74,70,69,64,83,66,42,30.01,29.95,29.86,12,7,6,23,11,-,0, 
2015,16,2,89,82,75,72,68,66,78,64,43,30.01,29.95,29.89,12,7,6,20,11,28,0, 
2015,17,2,90,83,76,72,69,66,78,66,43,29.99,29.94,29.86,12,7,6,24,11,33,0, 
2015,18,2,91,84,77,72,68,63,78,62,38,29.98,29.92,29.86,12,7,6,23,13,33,0, 
2015,19,2,87,82,76,72,69,66,83,67,43,29.99,29.94,29.89,12,7,5,21,10,-,0, 
2015,20,2,88,80,72,72,69,66,88,68,44,30.04,29.98,29.95,12,7,6,20,7,-,0, 
2015,21,2,89,80,72,72,70,64,94,72,43,30.09,30.04,30.01,12,7,6,14,5,-,0, 
2015,22,2,84,78,73,73,72,70,94,77,61,30.09,30.04,29.98,12,7,4,14,5,-,0.24,Rain
2015,23,2,87,80,72,73,71,68,94,75,57,30.07,30.03,29.98,12,7,6,14,5,-,0,Rain
2015,24,2,85,78,70,70,69,66,94,77,51,30.09,30.05,30.01,12,7,6,14,5,-,0, 
2015,25,2,88,80,71,70,69,66,94,70,37,30.08,30.03,29.98,12,7,6,20,7,-,0, 
2015,26,2,91,82,73,72,70,66,94,73,46,29.98,29.9,29.83,12,7,5,17,7,-,0.03,"Rain , Thunderstorm"
2015,27,2,90,82,73,72,71,66,94,74,46,29.88,29.81,29.74,12,7,6,13,4,-,0,Thunderstorm
2015,28,2,87,80,74,72,69,68,83,68,47,29.96,29.85,29.77,12,7,6,15,7,-,0, 
2015,1,3,83,78,73,72,69,66,88,74,55,30.06,29.99,29.89,12,6,1,16,11,-,0.24,Rain
2015,2,3,84,79,74,70,68,66,83,71,54,30.06,30.02,29.98,12,7,3,17,10,-,0,"Rain , Thunderstorm"
2015,3,3,80,76,73,72,70,68,94,84,74,30.01,29.97,29.92,6,5,1,16,6,-,0,"Rain , Thunderstorm"
2015,4,3,83,78,72,73,71,68,94,81,62,30.02,29.99,29.92,12,7,4,14,4,-,0,"Rain , Thunderstorm"
2015,5,3,85,78,70,72,69,66,94,76,51,30.01,29.95,29.92,12,8,6,12,4,-,0, 
2015,6,3,88,79,70,72,69,64,94,71,46,29.98,29.92,29.86,12,7,6,21,6,-,0, 
2015,7,3,89,82,75,72,69,66,83,66,48,29.95,29.9,29.83,12,7,6,22,10,-,0, 
2015,8,3,89,83,77,70,69,66,78,64,42,29.98,29.92,29.86,12,7,6,21,10,-,0, 
2015,9,3,88,82,77,70,69,66,78,67,46,29.96,29.9,29.83,12,7,6,22,11,-,0, 
2015,10,3,88,82,77,72,68,64,78,64,43,29.94,29.89,29.83,12,7,6,18,9,-,0, 
2015,11,3,89,82,76,70,69,66,78,65,44,29.94,29.87,29.8,12,7,6,21,11,26,0, 
2015,12,3,90,84,77,72,69,64,78,65,43,29.94,29.88,29.8,12,8,6,20,11,-,0, 
2015,13,3,90,82,74,73,70,64,83,68,43,29.92,29.88,29.83,12,8,6,17,10,-,0, 
2015,14,3,90,82,75,72,70,68,83,69,49,29.95,29.89,29.83,12,8,6,17,8,-,0, 
2015,15,3,87,80,73,72,70,66,88,69,47,29.98,29.92,29.86,12,8,6,16,6,-,0, 
2015,16,3,89,82,74,72,70,66,83,68,46,29.97,29.9,29.83,12,7,6,16,7,-,0, 
2015,17,3,89,81,73,72,69,66,83,69,46,30.01,29.92,29.86,12,7,6,18,7,-,0, 
2015,18,3,87,80,73,72,69,66,88,69,44,30.02,29.98,29.92,12,7,6,16,6,-,0, 
2015,19,3,84,78,73,73,71,69,88,76,56,30.01,29.96,29.92,12,7,6,16,5,-,0.01, 
2015,20,3,82,78,73,73,71,70,89,80,66,29.96,29.91,29.86,12,7,3,15,5,-,0.39,Rain
2015,21,3,86,79,72,72,71,68,94,80,62,29.92,29.87,29.8,12,6,5,17,5,-,0.08,Rain
2015,22,3,88,81,74,75,70,66,84,71,55,29.95,29.87,29.83,12,7,6,16,10,-,0.01,"Rain , Thunderstorm"
2015,23,3,78,74,71,72,70,68,94,85,72,30.07,29.99,29.89,12,6,2,15,5,-,0.35,Rain
2015,24,3,81,76,72,72,69,66,94,78,56,30.1,30.04,30.01,12,7,3,17,6,-,0,Rain
2015,25,3,83,79,73,70,67,61,83,67,51,30.09,30.03,30.01,12,7,6,20,15,-,0, 
2015,26,3,83,75,67,70,65,63,88,70,45,30.01,29.96,29.89,12,8,6,14,5,-,0, 
2015,27,3,90,79,68,72,68,64,88,68,41,30.04,29.97,29.92,12,8,6,12,5,-,0, 
2015,28,3,86,78,70,72,70,68,94,76,47,30.08,30.02,29.98,12,7,6,13,4,-,0, 
2015,29,3,88,79,70,72,68,66,94,69,48,30.03,29.96,29.89,12,8,6,16,6,-,0, 
2015,30,3,87,80,72,72,68,66,83,69,52,29.97,29.93,29.86,12,7,6,20,7,-,0, 
2015,31,3,92,84,75,72,69,66,83,64,37,29.95,29.89,29.8,12,8,6,14,9,-,0, 
2015,1,4,84,78,73,72,70,68,88,72,57,30,29.93,29.89,12,7,6,17,7,-,0.08, 
2015,2,4,82,76,71,70,68,64,94,73,51,30.04,29.98,29.95,12,7,2,17,9,-,0,Rain
2015,3,4,81,77,71,68,66,63,83,71,56,30.04,29.98,29.95,12,7,3,14,10,-,0,Rain
2015,4,4,81,76,70,70,67,64,88,74,52,29.99,29.94,29.89,12,7,6,13,5,-,0, 
2015,5,4,87,78,69,72,69,64,94,72,45,30.24,29.87,29.77,12,8,6,16,5,-,0, 
2015,6,4,90,82,75,75,71,66,83,68,47,29.8,29.73,29.65,12,7,6,26,8,38,0,Thunderstorm
2015,7,4,83,77,71,68,65,62,78,64,39,30.03,29.88,29.77,12,7,6,26,14,32,0.01,Rain
2015,8,4,78,74,71,64,60,55,73,59,39,30.09,30.04,30.01,12,7,6,15,10,-,0, 
2015,9,4,72,70,69,68,65,63,94,77,55,30.13,30.08,30.01,12,6,2,16,8,-,0.04,Rain
2015,10,4,81,74,67,66,64,63,94,72,48,30.14,30.09,30.06,12,8,6,12,6,-,0, 
2015,11,4,79,72,66,66,64,59,88,69,51,30.12,30.06,30.01,12,7,6,13,5,-,0, 
2015,12,4,82,74,65,66,64,61,88,68,43,30.05,30.01,29.95,12,8,6,13,4,-,0, 
2015,13,4,82,73,64,66,64,59,94,70,45,30.1,30.04,30.01,12,7,6,12,4,-,0, 
2015,14,4,82,73,64,64,63,59,94,70,42,30.1,30.05,30.01,12,8,6,10,4,-,0, 
2015,15,4,85,76,66,67,64,61,88,68,43,30.06,30,29.92,12,8,6,17,5,-,0, 
2015,16,4,88,78,67,72,67,61,88,69,43,29.98,29.93,29.83,12,8,6,16,6,-,0, 
2015,17,4,82,76,71,72,70,68,94,79,61,30.05,29.99,29.92,12,7,4,14,5,-,0,Rain
2015,18,4,86,79,72,70,69,66,88,73,52,30.04,29.98,29.92,12,7,6,17,6,-,0, 
2015,19,4,87,78,69,72,69,66,94,74,50,29.96,29.91,29.86,12,10,5,12,4,-,0, 
2015,20,4,87,79,71,72,69,64,94,72,38,29.98,29.91,29.83,12,7,6,14,4,26,0, 
2015,21,4,93,84,75,72,70,68,89,69,44,29.92,29.86,29.77,12,7,3,15,7,-,0.04,"Rain , Thunderstorm"
2015,22,4,83,78,74,72,70,68,94,75,62,30.01,29.93,29.86,12,7,6,18,8,-,0, 
2015,23,4,82,77,72,70,68,66,88,72,54,30.07,30.02,29.98,12,7,4,14,8,-,0.01,Rain
2015,24,4,81,76,72,70,68,66,83,73,56,30.07,30.02,29.98,12,6,5,34,6,-,0,Rain
2015,25,4,86,78,71,70,67,63,88,69,52,30.01,29.97,29.92,12,7,6,21,7,30,0, 
2015,26,4,85,78,70,68,62,55,88,59,41,30.08,30.02,29.92,12,7,4,21,11,28,0.08,Rain
2015,27,4,77,73,69,70,67,66,94,81,60,30.09,30.03,29.98,12,6,2,14,7,-,0.02,Rain
2015,28,4,81,74,67,68,66,64,88,74,57,30.04,29.99,29.95,12,7,6,15,6,-,0, 
2015,29,4,81,74,66,68,66,61,94,75,48,30.04,29.98,29.92,12,7,6,14,4,-,0, 
2015,30,4,81,75,69,68,65,61,88,72,46,30.05,30,29.92,12,6,2,18,8,30,0.47,Rain
2015,1,5,79,74,68,66,64,62,88,72,55,30.08,30.02,29.98,12,6,2,16,9,-,1.26,Rain
2015,2,5,80,74,68,68,66,64,94,83,50,30.07,30.03,29.98,12,6,2,14,4,-,0,Rain
2015,3,5,81,76,69,70,67,66,94,78,55,30.1,30.04,29.98,12,7,5,17,4,-,0, 
2015,4,5,82,75,68,72,67,63,88,74,50,30.06,30,29.95,12,7,6,17,8,-,0, 
2015,5,5,84,78,73,70,68,66,83,73,51,30.04,29.99,29.95,12,6,3,20,8,21,0.08,Rain
2015,6,5,77,74,71,70,66,63,88,77,68,30.09,30.03,29.98,12,7,4,15,7,-,0.03,Rain
2015,7,5,77,72,68,68,66,63,94,81,68,30.06,29.99,29.95,12,6,2,16,6,-,0.35,Rain
2015,8,5,79,74,66,66,64,61,88,78,53,30.2,30.12,30.06,12,4,1,20,12,28,0.2,Rain
2015,9,5,75,70,65,66,63,61,88,74,54,30.19,30.14,30.09,12,7,6,10,6,-,0, 
2015,10,5,80,72,63,66,63,61,94,73,50,30.12,30.04,29.98,12,7,6,12,4,-,0, 
2015,11,5,84,75,66,70,65,63,94,71,43,29.98,29.91,29.8,12,8,6,14,4,-,0.08, 
2015,12,5,79,74,70,68,65,61,94,73,60,30.04,29.95,29.86,12,7,6,13,6,-,0,Rain
2015,13,5,81,76,70,64,62,58,78,65,37,30.17,30.08,30.01,12,7,6,21,10,29,0.01, 
2015,14,5,74,70,64,65,63,59,88,78,60,30.19,30.14,30.09,12,6,3,14,8,34,0.02,Rain
2015,15,5,77,70,64,63,59,54,88,66,36,30.22,30.17,30.12,12,7,3,16,7,-,0.12,Rain
2015,16,5,71,68,65,66,65,63,94,88,83,30.24,30.19,30.15,9,4,1,12,6,-,0.35,Rain
2015,17,5,70,67,64,68,65,62,94,90,83,30.27,30.21,30.18,12,3,1,9,5,-,0.35,Rain
2015,18,5,78,72,67,68,66,64,94,81,59,30.24,30.17,30.12,12,6,2,9,4,-,0.2,Rain
2015,19,5,74,70,66,68,66,63,94,88,73,30.21,30.15,30.09,12,6,3,16,5,-,0.67,"Rain , Thunderstorm"
2015,20,5,75,70,65,67,65,63,94,85,69,30.21,30.16,30.12,12,6,2,8,4,-,0.08,Rain
2015,21,5,77,71,65,66,64,61,94,78,52,30.27,30.22,30.18,12,6,4,9,4,-,0.04,Rain
2015,22,5,77,72,64,66,62,57,94,78,41,30.28,30.22,30.18,12,6,2,12,5,-,0.03,Rain
2015,23,5,77,69,61,64,61,59,94,76,53,30.25,30.16,30.09,12,7,6,12,4,-,0, 
2015,24,5,76,69,62,68,64,61,94,81,69,30.11,30.05,29.98,12,7,6,15,5,-,0, 
2015,25,5,82,72,63,68,63,55,94,72,48,30.07,30.01,29.95,12,10,6,13,5,-,0, 
2015,26,5,80,71,62,68,64,61,94,79,48,30.08,30.04,30.01,12,8,6,9,3,-,0, 
2015,27,5,81,73,65,70,67,63,88,79,66,30.09,30.04,29.98,12,7,6,14,5,-,0, 
2015,28,5,85,78,72,70,68,66,88,73,44,30.04,29.96,29.86,12,8,6,17,10,-,0, 
2015,29,5,82,74,66,68,65,63,94,80,61,29.98,29.93,29.89,12,6,1,23,10,37,0.43,"Rain , Thunderstorm"
2015,30,5,81,72,64,72,67,63,94,81,61,30.05,29.99,29.95,12,8,6,13,4,-,0, 
2015,31,5,81,75,69,72,70,68,94,80,55,30.09,30.04,30.01,12,7,6,9,4,-,0, 
2015,1,6,83,78,72,70,68,64,94,77,58,30.12,30.06,29.98,12,6,2,16,8,-,0.01,Rain
2015,2,6,76,73,69,64,63,59,83,70,58,30.17,30.11,30.06,12,7,6,14,11,-,0, 
2015,3,6,72,69,64,64,62,59,94,76,55,30.21,30.16,30.09,12,7,6,12,6,-,0, 
2015,4,6,77,71,65,66,63,60,88,74,56,30.22,30.17,30.12,12,7,6,12,5,-,0, 
2015,5,6,75,70,66,68,67,64,94,86,67,30.22,30.16,30.12,12,6,2,9,3,-,0.12,Rain
2015,6,6,81,74,66,69,67,64,94,81,57,30.18,30.13,30.09,12,6,4,12,4,-,0.03, 
2015,7,6,79,72,65,66,65,63,94,77,55,30.2,30.13,30.09,12,7,6,13,4,-,0,Rain
2015,8,6,81,71,61,66,62,55,94,74,42,30.17,30.1,30.04,12,8,6,12,4,-,0, 
2015,9,6,81,72,62,68,64,59,94,77,58,30.12,30.06,30.01,12,7,6,14,4,-,0, 
2015,10,6,83,74,65,70,67,64,94,77,41,30.12,30.04,29.98,12,8,6,15,5,-,0, 
2015,11,6,86,76,66,68,67,64,94,73,48,30.07,30,29.92,12,9,6,16,6,-,0, 
2015,12,6,87,76,66,68,66,63,94,73,41,30.07,30,29.95,12,10,6,10,4,-,0, 
2015,13,6,83,74,66,68,65,61,94,72,51,30.1,30.03,29.95,12,7,6,15,5,-,0, 
2015,14,6,85,78,71,68,65,59,78,64,48,30.05,29.96,29.86,12,8,6,15,9,-,0, 
2015,15,6,92,80,68,70,65,57,83,64,22,30.04,29.93,29.83,12,8,6,23,9,-,0, 
2015,16,6,73,71,69,66,65,64,83,78,70,30.15,30.1,30.04,12,7,2,15,12,-,0,Rain
2015,17,6,77,73,69,70,67,64,94,80,62,30.15,30.1,30.06,12,8,6,7,3,-,0,Rain
2015,18,6,83,74,65,68,66,64,94,76,51,30.1,30.05,29.98,12,7,3,14,6,-,0,Fog
2015,19,6,79,72,65,68,64,62,94,73,48,30.22,30.11,30.01,12,7,6,20,9,31,0.12, 
2015,20,6,76,72,68,66,63,59,88,73,54,30.33,30.26,29.92,12,5,2,22,14,33,0,Rain
2015,21,6,76,71,66,64,61,59,88,70,54,30.33,30.27,30.21,12,7,2,14,10,-,0.24,Rain
2015,22,6,76,71,66,66,65,64,94,84,69,30.28,30.22,30.18,12,7,2,12,4,-,0,Rain
2015,23,6,81,72,63,66,64,62,94,76,49,30.25,30.19,30.15,12,7,6,12,4,-,0, 
2015,24,6,78,71,64,68,64,61,100,79,54,30.34,30.25,30.18,12,5,2,20,9,-,0.75,Rain
2015,25,6,71,68,64,63,59,57,88,77,64,30.43,30.38,30.33,12,6,2,18,12,-,0.08,Rain
2015,26,6,72,68,63,63,60,57,88,80,65,30.43,30.39,30.36,12,6,1,16,10,-,0.2,Rain
2015,27,6,73,68,62,63,60,54,94,72,46,30.39,30.33,30.3,12,6,3,15,8,-,0,Rain
2015,28,6,71,66,62,64,62,59,94,85,69,30.32,30.25,30.21,12,6,2,15,4,-,0,Rain
2015,29,6,75,68,62,64,62,59,94,80,57,30.28,30.21,30.15,12,7,5,12,4,-,0.04,Rain
2015,30,6,79,72,64,68,64,63,94,78,57,30.22,30.15,30.09,12,8,6,14,5,-,0, 
2015,1,7,82,74,67,68,66,63,88,75,51,30.2,30.12,30.06,12,7,6,15,7,-,0, 
2015,2,7,81,72,64,68,64,57,94,76,42,30.16,30.09,30.04,12,7,6,12,4,-,0, 
2015,3,7,79,72,64,66,64,61,94,77,57,30.11,30.05,30.01,12,7,6,13,4,-,0, 
2015,4,7,87,78,68,66,64,63,83,65,36,30.01,29.95,29.86,12,11,6,20,8,-,0, 
2015,5,7,72,70,67,65,58,55,88,65,47,30.18,30.12,30.04,12,7,5,21,16,32,0, 
2015,6,7,71,68,66,63,60,57,83,74,63,30.21,30.16,30.12,12,7,5,14,8,-,0.02, 
2015,7,7,72,68,64,64,62,59,94,83,60,30.19,30.14,30.09,12,6,2,7,4,-,0,Rain
2015,8,7,77,69,61,64,62,59,94,79,61,30.14,30.09,30.04,12,7,6,12,5,-,0, 
2015,9,7,80,72,63,66,64,61,94,76,49,30.09,30.05,30.01,12,11,6,10,6,-,0, 
2015,10,7,75,70,64,66,64,63,94,82,65,30.19,30.13,30.06,12,9,4,14,5,-,0, 
2015,11,7,79,70,62,68,65,61,94,81,60,30.21,30.15,30.09,12,6,2,16,5,-,0, 
2015,12,7,78,73,68,66,64,61,88,74,54,30.18,30.1,30.06,12,7,6,13,9,-,0, 
2015,13,7,78,72,66,66,65,63,88,77,55,30.19,30.12,30.06,12,7,6,14,7,-,0,Rain
2015,14,7,80,71,62,65,63,61,94,76,51,30.18,30.13,30.06,12,8,6,16,5,-,0, 
2015,15,7,79,70,61,68,64,59,94,79,57,30.27,30.21,30.18,12,7,6,15,5,-,0, 
2015,16,7,78,72,66,68,65,63,94,82,61,30.3,30.23,30.21,12,6,3,16,5,-,0.08,Rain
2015,17,7,79,72,65,68,65,63,94,79,56,30.3,30.24,30.21,12,7,3,13,5,-,0,Rain
2015,18,7,79,71,63,65,63,61,94,78,51,30.27,30.22,30.18,12,7,5,12,4,-,0,Rain
2015,19,7,77,70,62,66,63,61,94,81,47,30.29,30.21,30.15,12,7,2,13,4,-,0,Rain
2015,20,7,75,68,61,66,63,57,94,82,64,30.23,30.16,30.12,12,7,2,9,3,-,0,Rain
2015,21,7,82,73,64,68,63,59,94,72,48,30.14,30.08,30.01,12,8,6,16,7,-,0, 
2015,22,7,78,72,66,65,63,61,94,73,54,30.24,30.16,30.09,12,7,6,20,8,-,0, 
2015,23,7,74,71,68,66,64,61,88,79,68,30.27,30.22,30.18,12,7,3,15,9,-,0.04, 
2015,24,7,77,70,64,66,64,63,94,78,53,30.24,30.16,30.09,12,7,6,10,5,-,0, 
2015,25,7,82,74,66,72,65,63,88,75,51,30.15,30.09,30.01,12,6,6,18,7,-,0, 
2015,26,7,82,76,69,66,66,64,83,74,54,30.09,30.06,30.01,6,6,6,16,9,-,0, 
2015,27,7,80,76,71,66,66,64,83,73,58,30.13,30.07,30.01,12,7,6,16,7,-,0, 
2015,28,7,83,76,70,66,65,63,83,71,51,30.15,30.1,30.06,12,8,6,17,8,-,0, 
2015,29,7,83,76,69,66,65,63,83,72,48,30.21,30.15,30.09,12,8,6,15,7,-,0, 
2015,30,7,81,72,62,66,64,61,94,75,47,30.24,30.18,30.12,12,8,6,14,5,-,0, 
2015,31,7,80,71,62,66,64,61,100,77,48,30.22,30.17,30.12,12,9,6,14,4,-,0, 
2015,1,8,81,72,63,66,63,61,94,74,46,30.21,30.15,30.09,12,7,6,14,5,-,0, 
2015,2,8,81,72,63,64,61,48,94,68,32,30.18,30.12,30.06,12,10,6,17,6,-,0, 
2015,3,8,82,70,59,64,60,55,88,67,42,30.17,30.11,30.04,12,8,6,16,7,24,0, 
2015,4,8,86,74,61,63,58,48,88,61,23,30.16,30.1,30.06,12,12,12,10,5,-,0, 
2015,5,8,83,70,57,70,61,55,94,71,42,30.16,30.1,30.04,12,10,6,16,4,-,0, 
2015,6,8,89,76,64,68,62,50,83,66,27,30.16,30.09,30.04,12,7,6,20,5,-,0, 
2015,7,8,87,78,69,68,66,61,88,69,42,30.15,30.09,30.04,12,8,6,17,8,-,0, 
2015,8,8,77,72,66,68,66,64,94,82,63,30.18,30.13,29.86,12,7,3,9,4,-,0.12,Rain
2015,9,8,79,74,68,72,66,63,100,85,57,30.25,30.19,30.12,12,6,2,13,4,-,0.08,Rain
2015,10,8,75,70,66,68,65,61,100,81,52,30.33,30.26,30.21,12,6,2,14,5,-,0.12,Rain
2015,11,8,77,71,64,68,61,55,100,73,45,30.35,30.29,30.24,12,7,3,12,5,-,0,Rain
2015,12,8,69,66,62,64,62,59,94,88,73,30.33,30.25,30.21,12,5,2,9,4,-,0.08,Rain
2015,13,8,72,66,61,66,63,59,94,86,73,30.31,30.26,30.21,12,5,1,7,4,-,0.2,Rain
2015,14,8,76,70,64,64,62,59,94,79,55,30.3,30.24,30.18,12,6,2,14,4,-,0.04,Rain
2015,15,8,76,69,62,64,62,59,94,76,48,30.28,30.22,30.18,12,7,6,12,5,-,0,Rain
2015,16,8,79,71,63,64,63,61,94,76,54,30.28,30.23,30.18,12,7,6,15,5,-,0.02, 
2015,17,8,80,73,66,66,64,59,94,78,54,30.29,30.23,30.18,12,7,2,13,5,-,0,Rain
2015,18,8,78,72,66,66,63,58,94,75,42,30.26,30.18,30.12,12,6,0,109,9,-,0,Rain
2015,19,8,81,72,63,64,62,59,94,70,40,30.15,30.04,29.95,12,8,6,16,8,-,0, 
2015,20,8,77,72,68,64,61,57,78,68,57,30.09,30.02,29.92,12,8,6,16,10,-,0, 
2015,21,8,78,71,64,63,60,55,83,67,41,30.15,30.08,30.04,12,7,6,18,9,-,0, 
2015,22,8,75,70,64,68,62,60,94,78,60,30.12,30.06,30.01,12,7,6,8,4,-,0, 
2015,23,8,79,72,64,64,62,59,94,76,50,30.07,30.01,29.95,12,8,6,14,4,-,0, 
2015,24,8,81,72,63,64,61,59,88,67,42,30.09,30.01,29.95,12,9,6,18,7,-,0, 
2015,25,8,78,72,67,68,65,63,88,76,57,30.15,30.07,30.01,12,7,5,14,8,29,0,Rain
2015,26,8,83,74,64,66,64,61,94,72,48,30.09,30.04,30.01,12,8,6,13,5,-,0, 
2015,27,8,79,72,66,70,65,63,94,77,57,30.1,30.04,29.98,12,7,4,12,5,-,0.08,Rain
2015,28,8,78,74,71,68,65,61,88,75,55,30.19,30.1,30.01,12,7,5,17,8,-,0, 
2015,29,8,74,71,66,64,62,61,88,71,56,30.25,30.19,30.15,12,7,6,16,11,-,0,Rain
2015,30,8,80,71,62,68,64,61,94,74,54,30.21,30.15,30.09,12,7,6,14,7,-,0, 
2015,31,8,85,74,64,68,65,63,94,73,45,30.16,30.1,30.01,12,12,12,21,8,-,0, 
2015,1,9,89,79,69,66,63,59,83,63,36,30.09,30,29.92,12,10,6,13,9,40,0, 
2015,2,9,74,70,66,65,62,59,83,73,61,30.17,30.11,30.04,12,7,3,23,16,33,0,Rain
2015,3,9,77,71,65,64,62,60,83,71,51,30.15,30.05,29.95,12,7,6,18,7,-,0, 
2015,4,9,87,78,69,70,67,64,88,73,46,30.04,29.96,29.83,12,6,4,21,8,23,0,Rain
2015,5,9,79,74,68,67,64,63,94,76,57,30.12,30.05,30.01,12,6,1,18,12,-,0.2,Rain
2015,6,9,75,70,66,70,67,63,94,84,76,30.1,30.03,29.95,12,5,2,12,7,-,0,Rain
2015,7,9,88,78,69,70,67,63,88,71,35,30.04,29.96,29.8,12,6,3,24,11,46,0,"Rain , Thunderstorm"
2015,8,9,78,74,69,70,66,63,83,71,59,30.01,29.92,29.86,12,7,3,21,10,32,0,Rain
2015,9,9,85,79,73,70,66,63,78,66,48,30.02,29.95,29.86,12,7,6,16,11,-,0,Rain
2015,10,9,81,76,72,70,67,63,88,73,61,30.08,30,29.95,12,7,6,14,6,-,0, 
2015,11,9,88,80,73,70,66,63,83,68,40,30.01,29.94,29.86,12,7,6,21,13,30,0, 
2015,12,9,82,76,69,68,66,64,88,78,61,30.1,30.02,29.95,12,7,6,16,7,-,0,Rain
2015,13,9,72,70,68,66,64,63,88,83,77,30.17,30.09,30.04,12,5,2,14,8,-,0.08,Rain
2015,14,9,73,70,66,68,66,63,94,85,74,30.2,30.14,30.09,12,5,1,12,7,-,0.16,Rain
2015,15,9,80,74,69,70,68,66,94,82,65,30.2,30.13,29.89,12,6,1,20,6,-,0.01,Rain
2015,16,9,81,75,69,68,66,64,88,73,53,30.18,30.1,30.04,12,7,6,18,10,-,0, 
2015,17,9,86,77,68,66,65,63,83,68,45,30.1,30.04,29.95,12,8,6,23,11,31,0, 
2015,18,9,83,77,71,66,65,63,78,67,46,30.1,30.04,29.95,12,8,6,24,13,-,0, 
2015,19,9,84,78,71,66,64,61,83,66,45,30.12,30.05,29.98,12,8,6,24,12,32,0, 
2015,20,9,84,76,69,66,65,61,83,67,45,30.11,30.04,29.98,12,8,6,22,11,33,0, 
2015,21,9,83,76,70,66,66,63,83,69,48,30.09,30.02,29.95,12,8,6,22,12,-,0, 
2015,22,9,85,78,70,64,63,62,73,62,44,30.06,30,29.92,12,8,6,22,12,-,0, 
2015,23,9,84,76,69,66,63,61,78,63,44,30.04,29.96,29.86,12,12,12,24,13,-,0, 
2015,24,9,91,82,74,68,65,63,78,62,38,29.99,29.93,29.86,12,9,6,21,14,33,0, 
2015,25,9,90,82,73,68,66,64,73,64,46,29.97,29.9,29.83,12,10,6,24,17,28,0, 
2015,26,9,80,75,70,68,66,64,88,70,52,30.07,30,29.92,6,5,4,18,9,-,0, 
2015,27,9,85,78,71,68,65,59,88,67,40,30.06,29.98,29.89,12,7,4,25,10,36,0, 
2015,28,9,88,80,72,64,61,59,73,56,37,29.98,29.9,29.8,12,12,12,23,14,-,0, 
2015,29,9,88,80,72,68,65,61,78,64,43,30.01,29.92,29.86,12,9,6,18,12,-,0, 
2015,30,9,88,80,73,70,66,63,83,65,40,29.99,29.93,29.86,12,8,6,21,13,-,0, 
2015,1,10,88,81,74,70,67,64,83,66,42,30.06,29.98,29.92,12,8,6,20,11,28,0, 
2015,2,10,84,78,72,70,65,61,83,66,43,30.04,30,29.92,12,8,6,23,12,33,0, 
2015,3,10,88,80,71,68,65,61,78,64,40,30.01,29.94,29.83,12,9,6,23,12,-,0, 
2015,4,10,88,80,73,68,67,64,83,67,46,30.01,29.94,29.89,12,7,4,16,10,-,0, 
2015,5,10,76,72,69,68,64,59,88,74,58,30.16,30.05,29.95,12,7,4,17,14,-,0, 
2015,6,10,76,72,68,63,60,57,83,66,49,30.2,30.13,30.09,12,7,6,17,9,-,0, 
2015,7,10,77,72,66,63,61,59,88,68,48,30.15,30.11,30.04,12,7,6,14,5,-,0, 
2015,8,10,80,74,67,63,61,57,83,63,38,30.15,30.07,29.98,12,7,6,23,9,-,0,Rain
2015,9,10,82,76,71,64,61,57,69,58,38,30.1,30.04,29.98,12,7,6,25,12,37,0, 
2015,10,10,90,80,71,70,64,57,83,63,33,30.09,30.03,29.95,12,7,5,22,12,-,0, 
2015,11,10,86,80,73,67,65,61,78,63,41,30.1,30.02,29.95,12,7,6,25,14,38,0, 
2015,12,10,85,78,71,66,63,57,78,62,35,30.12,30.05,29.98,12,8,6,23,12,-,0, 
2015,13,10,85,78,71,68,65,61,78,66,39,30.1,30.05,29.98,12,8,6,26,12,39,0, 
2015,14,10,88,80,73,70,67,63,83,67,43,30.1,30.03,29.95,12,7,5,23,12,36,0, 
2015,15,10,89,82,75,69,68,64,78,66,43,30.06,29.99,29.92,12,7,6,25,14,34,0, 
2015,16,10,90,82,73,69,67,64,78,64,41,30.04,29.97,29.89,12,9,5,26,16,38,0, 
2015,17,10,88,80,72,68,66,64,78,65,43,30.09,30,29.92,12,8,6,15,12,26,0, 
2015,18,10,80,76,71,66,65,63,78,71,61,30.18,30.1,30.04,6,6,6,21,15,-,0, 
2015,19,10,72,70,68,66,64,63,88,80,66,30.18,30.12,30.06,12,5,1,14,10,-,0.01,Rain
2015,20,10,78,72,67,66,64,63,88,73,50,30.12,30.05,29.98,12,7,6,17,7,-,0, 
2015,21,10,93,83,73,70,68,66,78,67,41,30.01,29.9,29.77,12,8,6,23,12,-,0, 
2015,22,10,92,83,74,70,68,64,88,66,40,30.01,29.87,29.74,12,10,6,23,11,30,0,Thunderstorm
2015,23,10,89,81,73,72,69,66,88,69,44,30.01,29.91,29.83,12,7,6,18,8,-,0,Thunderstorm
2015,24,10,85,80,73,70,65,61,83,65,42,30.12,30.04,29.98,12,8,6,21,12,-,0, 
2015,25,10,78,74,69,68,66,64,88,73,57,30.16,30.09,30.04,12,6,1,17,10,-,0.04,Rain
2015,26,10,77,73,69,68,65,61,88,72,47,30.15,30.09,30.04,12,7,6,10,4,-,0, 
2015,27,10,82,78,73,68,66,63,78,68,48,30.09,30.01,29.92,12,7,6,18,9,-,0,Rain
2015,28,10,84,79,74,73,70,66,83,73,51,30.01,29.93,29.86,12,7,6,18,10,-,0, 
2015,29,10,83,77,71,73,71,68,94,81,55,30.05,29.94,29.86,12,5,1,24,12,37,0.01,Rain
2015,30,10,77,74,71,73,72,70,100,93,83,30.06,30.02,29.98,6,3,1,16,13,-,0.08,Rain
2015,31,10,83,78,73,74,72,68,94,83,62,30.04,29.98,29.92,12,6,2,16,10,-,0.08,Rain
2015,1,11,90,82,75,73,72,68,94,75,47,30.01,29.95,29.86,12,7,6,22,12,30,0.02,Rain
2015,2,11,87,82,76,73,71,69,83,73,50,30.03,29.97,29.89,12,7,6,25,11,30,0, 
2015,3,11,93,84,75,72,70,63,83,65,36,30.01,29.94,29.86,12,8,6,132,16,34,0, 
2015,4,11,94,86,77,74,70,66,79,63,39,29.98,29.9,29.8,12,10,6,21,15,-,0, 
2015,5,11,89,82,75,73,72,70,94,75,52,29.95,29.87,29.8,6,4,3,16,11,26,0, 
2015,6,11,88,80,72,73,72,70,94,75,57,29.99,29.92,29.86,12,6,4,12,6,-,0, 
2015,7,11,88,82,76,73,72,68,83,71,45,30.04,29.97,29.92,12,7,4,18,9,-,0, 
2015,8,11,87,80,72,72,71,68,94,73,50,30.07,30.01,29.92,12,7,3,23,9,-,0, 
2015,9,11,92,84,77,73,71,69,83,69,46,30.09,30.03,29.98,12,8,6,22,12,-,0, 
2015,10,11,87,81,75,73,72,70,89,74,57,30.12,30.06,29.98,12,7,6,21,11,29,0, 
2015,11,11,87,81,75,73,71,70,89,73,55,30.09,29.97,29.86,12,8,6,22,11,33,0, 
2015,12,11,97,86,76,75,72,70,84,69,41,29.92,29.84,29.77,12,8,5,15,12,-,0, 
2015,13,11,88,82,75,75,72,68,89,71,45,29.92,29.86,29.8,12,7,6,14,8,-,0, 
2015,14,11,95,86,77,75,73,71,89,70,47,29.89,29.82,29.77,12,8,6,20,12,-,0, 
2015,15,11,99,88,78,76,72,66,83,69,35,29.91,29.83,29.77,12,7,6,17,12,28,0.01,Rain
2015,16,11,80,78,77,73,72,71,89,81,69,29.94,29.88,29.86,12,7,6,13,7,-,0, 
2015,17,11,84,80,75,77,75,73,100,91,79,29.92,29.85,29.8,6,4,1,14,5,-,0,Rain
2015,18,11,90,83,76,75,74,73,94,77,58,29.83,29.77,29.68,12,7,6,20,10,31,0, 
2015,19,11,92,84,77,75,74,73,83,74,54,29.8,29.72,29.62,12,7,5,21,13,-,0, 
2015,20,11,92,84,77,75,73,70,83,71,49,29.78,29.73,29.68,12,7,6,17,14,-,0, 
2015,21,11,88,80,71,73,72,70,94,77,55,30.01,29.83,29.74,12,6,2,26,11,38,0.35,Rain
2015,22,11,80,75,70,70,69,66,94,79,59,30.02,29.96,29.89,12,6,2,14,11,-,0.03, 
2015,23,11,83,77,71,73,71,69,94,77,59,29.95,29.83,29.74,12,7,6,14,5,-,0, 
2015,24,11,84,80,75,77,75,73,100,83,67,29.8,29.73,29.65,12,7,2,17,7,-,0,Rain
2015,25,11,84,80,76,77,74,73,100,84,67,29.92,29.79,29.71,12,7,4,16,6,-,0,Rain
2015,26,11,79,76,73,74,73,70,100,89,78,30.01,29.93,29.86,12,5,1,14,7,-,0.04,Rain
2015,27,11,81,75,69,72,70,68,100,82,63,30.01,29.98,29.92,12,7,2,13,6,-,0.08,Rain
2015,28,11,84,78,72,73,72,71,100,81,62,29.98,29.92,29.86,12,7,4,20,8,-,0.12,Rain
2015,29,11,90,82,75,75,73,70,89,74,52,29.98,29.91,29.83,12,7,6,23,13,34,0, 
2015,30,11,93,86,78,75,74,72,89,72,47,30.04,29.95,29.89,12,8,6,21,9,-,0, 
2015,1,12,82,80,77,75,74,73,94,84,70,30.07,30.02,29.98,12,7,4,16,8,-,0, 
2015,2,12,85,80,76,76,74,73,94,85,62,30.04,29.96,29.89,12,7,6,17,5,-,0.02,Rain
2015,3,12,84,80,77,77,76,73,100,92,70,29.95,29.9,29.86,6,4,2,15,4,-,0.24,"Rain , Thunderstorm"
2015,4,12,83,80,76,77,75,75,100,86,77,29.92,29.86,29.8,12,5,2,16,5,-,0, 
2015,5,12,94,86,77,77,75,70,94,75,44,29.89,29.8,29.71,12,6,4,23,8,25,0, 
2015,6,12,98,88,79,75,71,68,84,60,32,29.86,29.8,29.74,12,11,6,14,7,-,0, 
2015,7,12,86,80,73,77,75,70,94,85,70,30,29.86,29.77,12,4,0,23,8,37,0.51,"Rain , Thunderstorm"
2015,8,12,79,76,72,75,72,70,100,90,82,30.06,30,29.95,12,6,3,12,7,-,0.2,"Rain , Thunderstorm"
2015,9,12,88,80,73,75,73,72,100,79,58,30.05,29.99,29.92,12,7,4,16,6,-,0, 
2015,10,12,91,84,76,75,71,68,83,67,46,29.98,29.89,29.8,12,12,12,22,12,-,0, 
2015,11,12,87,82,77,75,72,70,89,72,52,30.01,29.91,29.86,12,7,6,13,6,-,0, 
2015,12,12,89,82,75,75,73,71,94,75,55,30.01,29.96,29.89,12,7,5,21,9,32,0, 
2015,13,12,90,84,77,75,74,72,89,75,54,30.01,29.98,29.92,12,7,5,23,11,34,0, 
2015,14,12,91,84,78,75,73,70,84,71,48,30.04,29.98,29.89,12,7,6,21,10,32,0, 
2015,15,12,90,83,76,75,72,68,89,71,44,30.02,29.96,29.89,12,8,6,22,10,33,0, 
2015,16,12,91,83,75,74,72,68,89,70,46,30.01,29.95,29.89,12,8,6,21,10,-,0, 
2015,17,12,89,82,75,75,73,72,94,74,51,30.01,29.97,29.92,12,7,6,23,9,37,0, 
2015,18,12,90,84,77,73,73,71,89,71,50,30.01,29.96,29.86,12,7,6,25,12,34,0, 
2015,19,12,90,84,77,73,71,68,78,65,45,30.01,29.96,29.89,12,8,6,24,13,37,0, 
2015,20,12,91,84,77,74,72,66,83,69,43,30.04,29.99,29.92,12,7,6,23,11,22,0, 
2015,21,12,90,83,76,73,72,68,89,70,46,30.05,30,29.95,12,7,6,22,10,25,0, 
2015,22,12,88,82,76,73,72,72,89,72,52,30.08,30.03,29.98,12,7,6,22,9,-,0, 
2015,23,12,88,81,74,75,72,68,94,73,51,30.1,30.04,29.98,12,7,2,22,8,25,0,Rain
2015,24,12,89,82,74,73,72,68,89,71,47,30.07,30.01,29.92,12,8,6,25,10,34,0, 
2015,25,12,93,85,77,75,72,68,94,70,43,30.05,29.99,29.89,12,6,1,22,10,29,0,Rain
2015,26,12,91,82,74,75,72,70,94,74,49,30.04,29.95,29.89,12,7,2,23,11,30,1.38,Rain
2015,27,12,92,85,78,73,71,68,83,66,46,29.98,29.92,29.83,12,8,6,24,14,33,0, 
2015,28,12,93,85,77,73,71,64,83,66,40,30.01,29.94,29.89,12,10,6,24,14,36,0, 
2015,29,12,89,84,78,77,73,71,89,72,51,30.06,30.02,29.98,12,7,6,21,13,-,0, 
2015,30,12,92,84,77,75,74,72,89,74,55,30.06,30.01,29.92,12,8,6,23,12,23,0, 
2015,31,12,92,85,78,75,73,70,89,72,49,30.01,29.92,29.8,12,8,6,24,13,-,0, 
